{"cameraMode":{"drawMode":0,"name":"Shaded","section":"Shading Mode"},"sceneLighting":true,"audioPlay":false,"sceneViewState":{"showFog":true,"showMaterialUpdate":false,"showSkybox":true,"showFlares":true,"showImageEffects":true,"showParticleSystems":true},"in2DMode":false,"pivot":{"x":11.377420425415039,"y":6.9799957275390629,"z":-21.725807189941408},"rotation":{"x":-0.023994212970137597,"y":-0.017096225172281266,"z":-0.00041036857874132693,"w":0.9995663166046143},"size":13.653223991394043,"orthographic":false}